time	plasma_radioactivity
22.4911	0.0
67.4911	28373.051073026407
112.491	15055.955514170453
157.491	9733.072894043087
202.491	9287.021567816626
247.491	9284.777156415797
292.491	9272.510723845744
337.491	9248.244599241056
382.491	9221.108308892106
427.491	9193.513418903678
472.491	9165.915668722566
517.491	9138.389391685294
562.491	9110.94555909701
607.491	9083.585510836272
652.491	9056.309204047519
697.491	9029.116405628043
742.491	9002.006857671164
787.491	8974.980299744546
832.491	8948.036471821873
877.491	8921.175114659936
922.491	8894.395969844354
967.491	8867.698779792894
1012.49	8841.083878303012
1057.49	8814.549826544053
1102.49	8788.096961778327
1147.49	8761.725029727944
1192.49	8735.433776934231
1237.49	8709.222950755047
1282.49	8683.09229936202
1327.49	8657.04157173787
1372.49	8631.070517673674
1417.49	8605.178887766202
1462.49	8579.366433415216
1507.49	8553.632906820789
1552.49	8527.978060980675
1597.49	8502.401649687588
1642.49	8476.903427526633
1687.49	8451.483149872605
1732.49	8426.140572887392
1777.49	8400.875453517347
1822.49	8375.687549490674
1867.49	8350.576619314837
1912.49	8325.542422273966
1957.49	8300.584718426247
2002.49	8275.703268601392
2047.49	8250.897834398038
2092.49	8226.168178181204
2137.49	8201.514063079756
2182.49	8176.935252983825
2227.49	8152.43151254233
2272.49	8128.002607160418
2317.49	8103.6483029969795
2362.49	8079.368366962115
2407.49	8055.16256671466
2452.49	8031.030670659695
2497.49	8006.972447946065
2542.49	7982.987668463898
2587.49	7959.076102842173
2632.49	7935.237522446245
2677.49	7911.4716993753855
2722.49	7887.7784064603975
2767.49	7864.157417261144
2812.49	7840.60850606414
2857.49	7817.131447880143
2902.49	7793.726018441761
2947.49	7770.3919942010525
2992.49	7747.129152327114
3037.49	7723.9372707037555
3082.49	7700.816127927095
3127.49	7677.765503303197
3172.49	7654.785176845726
3217.49	7631.87492927362
3262.49	7609.034542008714
3307.49	7586.263797173455
3352.49	7563.562477588542
3397.49	7540.930366770655
3442.49	7518.367248930103
3487.49	7495.8729089685585
3532.49	7473.44713247678
3577.49	7451.089705732289
3622.49	7428.800415697126
3667.49	7406.579050015579
3712.49	7384.425397011942
3757.49	7362.339245688231
3802.49	7340.32038572197
3847.49	7318.368607463935
3892.49	7296.483701935969
3937.49	7274.6654608287
3982.49	7252.9136764993855
4027.49	7231.228141969682
4072.49	7209.608650923455
4117.49	7188.054997704571
4162.49	7166.566977314767
4192.5	7152.273233980594
