time	whole_blood_radioactivity	plasma_radioactivity
-6568.0	33	0.0
-6567.0	27	0.0
-6566.0	26	0.0
-6565.0	23	0.0
-6564.0	37	0.0
-6563.0	24	0.0
-6562.0	34	0.0
-6561.0	30	0.0
-6560.0	34	0.0
-6559.0	32	0.0
-6558.0	36	0.0
-6557.0	28	0.0
-6556.0	34	0.0
-6555.0	22	0.0
-6554.0	40	0.0
-6553.0	29	0.0
-6552.0	28	0.0
-6551.0	33	0.0
-6550.0	32	0.0
-6549.0	38	0.0
-6548.0	38	0.0
-6547.0	37	0.0
-6546.0	29	0.0
-6545.0	39	0.0
-6544.0	30	0.0
-6543.0	26	0.0
-6542.0	29	0.0
-6541.0	39	0.0
-6540.0	37	0.0
-6539.0	26	0.0
-6538.0	36	0.0
-6537.0	31	0.0
-6536.0	26	0.0
-6535.0	34	0.0
-6534.0	29	0.0
-6533.0	37	0.0
-6532.0	34	0.0
-6531.0	22	0.0
-6530.0	29	0.0
-6529.0	24	0.0
-6528.0	29	0.0
-6527.0	33	0.0
-6526.0	39	0.0
-6525.0	28	0.0
-6524.0	34	0.0
-6523.0	37	0.0
-6522.0	36	0.0
-6521.0	30	0.0
-6520.0	39	0.0
-6519.0	25	0.0
-6518.0	32	0.0
-6517.0	31	0.0
-6516.0	27	0.0
-6515.0	28	0.0
-6514.0	31	0.0
-6513.0	41	0.0
-6512.0	34	0.0
-6511.0	43	0.0
-6510.0	27	0.0
-6509.0	26	0.0
-6508.0	30	0.0
-6507.0	27	0.0
-6506.0	27	0.0
-6505.0	28	0.0
-6504.0	33	0.0
-6503.0	28	0.0
-6502.0	27	0.0
-6501.0	34	0.0
-6500.0	27	0.0
-6499.0	20	0.0
-6498.0	41	0.0
-6497.0	39	0.0
-6496.0	27	0.0
-6495.0	31	0.0
-6494.0	34	0.0
-6493.0	25	0.0
-6492.0	41	0.0
-6491.0	35	0.0
-6490.0	38	0.0
-6489.0	35	0.0
-6488.0	20	0.0
-6487.0	30	0.0
-6486.0	21	0.0
-6485.0	31	0.0
-6484.0	34	0.0
-6483.0	29	0.0
-6482.0	38	0.0
-6481.0	27	0.0
-6480.0	32	0.0
-6479.0	18	0.0
-6478.0	24	0.0
-6477.0	25	0.0
-6476.0	33	0.0
-6475.0	33	0.0
-6474.0	27	0.0
-6473.0	37	0.0
-6472.0	32	0.0
-6471.0	31	0.0
-6470.0	27	0.0
-6469.0	22	0.0
-6468.0	32	0.0
-6467.0	26	0.0
-6466.0	27	0.0
-6465.0	34	0.0
-6464.0	18	0.0
-6463.0	27	0.0
-6462.0	37	0.0
-6461.0	27	0.0
-6460.0	34	0.0
-6459.0	22	0.0
-6458.0	22	0.0
-6457.0	31	0.0
-6456.0	29	0.0
-6455.0	37	0.0
-6454.0	30	0.0
-6453.0	37	0.0
-6452.0	29	0.0
-6451.0	31	0.0
-6450.0	30	0.0
-6449.0	25	0.0
-6448.0	27	0.0
-6447.0	25	0.0
-6446.0	41	0.0
-6445.0	37	0.0
-6444.0	25	0.0
-6443.0	38	0.0
-6442.0	30	0.0
-6441.0	33	0.0
-6440.0	33	0.0
-6439.0	34	0.0
-6438.0	29	0.0
-6437.0	28	0.0
-6436.0	35	0.0
-6435.0	30	0.0
-6434.0	29	0.0
-6433.0	37	0.0
-6432.0	37	0.0
-6431.0	36	0.0
-6430.0	26	0.0
-6429.0	32	0.0
-6428.0	33	0.0
-6427.0	31	0.0
-6426.0	29	0.0
-6425.0	38	0.0
-6424.0	27	0.0
-6423.0	25	0.0
-6422.0	32	0.0
-6421.0	36	0.0
-6420.0	43	0.0
-6419.0	28	0.0
-6418.0	22	0.0
-6417.0	27	0.0
-6416.0	27	0.0
-6415.0	32	0.0
-6414.0	29	0.0
-6413.0	35	0.0
-6412.0	34	0.0
-6411.0	33	0.0
-6410.0	19	0.0
-6409.0	35	0.0
-6408.0	23	0.0
-6407.0	36	0.0
-6406.0	27	0.0
-6405.0	31	0.0
-6404.0	39	0.0
-6403.0	37	0.0
-6402.0	22	0.0
-6401.0	30	0.0
-6400.0	35	0.0
-6399.0	32	0.0
-6398.0	35	0.0
-6397.0	35	0.0
-6396.0	37	0.0
-6395.0	34	0.0
-6394.0	34	0.0
-6393.0	32	0.0
-6392.0	24	0.0
-6391.0	35	0.0
-6390.0	38	0.0
-6389.0	32	0.0
-6388.0	34	0.0
-6387.0	30	0.0
-6386.0	21	0.0
-6385.0	24	0.0
-6384.0	34	0.0
-6383.0	30	0.0
-6382.0	20	0.0
-6381.0	34	0.0
-6380.0	34	0.0
-6379.0	28	0.0
-6378.0	36	0.0
-6377.0	33	0.0
-6376.0	39	0.0
-6375.0	27	0.0
-6374.0	20	0.0
-6373.0	30	0.0
-6372.0	32	0.0
-6371.0	39	0.0
-6370.0	35	0.0
-6369.0	29	0.0
-6368.0	29	0.0
-6367.0	25	0.0
-6366.0	41	0.0
-6365.0	31	0.0
-6364.0	21	0.0
-6363.0	26	0.0
-6362.0	31	0.0
-6361.0	29	0.0
-6360.0	33	0.0
-6359.0	23	0.0
-6358.0	35	0.0
-6357.0	28	0.0
-6356.0	30	0.0
-6355.0	22	0.0
-6354.0	41	0.0
-6353.0	35	0.0
-6352.0	32	0.0
-6351.0	24	0.0
-6350.0	26	0.0
-6349.0	26	0.0
-6348.0	30	0.0
-6347.0	29	0.0
-6346.0	18	0.0
-6345.0	23	0.0
-6344.0	32	0.0
-6343.0	26	0.0
-6342.0	31	0.0
-6341.0	36	0.0
-6340.0	29	0.0
-6339.0	35	0.0
-6338.0	27	0.0
-6337.0	27	0.0
-6336.0	37	0.0
-6335.0	29	0.0
-6334.0	32	0.0
-6333.0	39	0.0
-6332.0	18	0.0
-6331.0	28	0.0
-6330.0	22	0.0
-6329.0	29	0.0
-6328.0	30	0.0
-6327.0	33	0.0
-6326.0	37	0.0
-6325.0	30	0.0
-6324.0	25	0.0
-6323.0	29	0.0
-6322.0	30	0.0
-6321.0	33	0.0
-6320.0	38	0.0
-6319.0	29	0.0
-6318.0	29	0.0
-6317.0	25	0.0
-6316.0	22	0.0
-6315.0	35	0.0
-6314.0	44	0.0
-6313.0	19	0.0
-6312.0	34	0.0
-6311.0	23	0.0
-6310.0	35	0.0
-6309.0	37	0.0
-6308.0	24	0.0
-6307.0	32	0.0
-6306.0	23	0.0
-6305.0	28	0.0
-6304.0	28	0.0
-6303.0	38	0.0
-6302.0	37	0.0
-6301.0	25	0.0
-6300.0	35	0.0
